,0,1,2,3,4,5,6,7,8,9,10,11,12,13,14,15,16,17,18,19,20,21,22,23,24,25,26,27,28,29,30,31,32,33,34,35,36,37,38,39,40,41,42,43,44,45,46,47,48,49,50,51,52,53,54,55,56,57,58,59,60,61,62,63,
0,0,0,0,0,0,0,0,0,0,0,0,0,0,0,0,0,0,0,0,0,0,0,0,0,0,0,0,0,0,0,0,0,0,0,0,0,0,0,0,0,0,0,0,0,0,0,0,0,0,0,0,0,0,0,0,0,0,0,0,0,0,0,0,0,0
1,0,0,0,0,0,0,0,0,0,0,0,0,0,0,0,0,0,0,0,0,0,0,0,0,0,0,0,0,0,0,0,0,0,0,0,0,0,0,0,0,0,0,0,0,0,0,0,0,0,0,0,0,0,0,0,0,0,0,0,0,0,0,0,0,0
2,0,0,0,0,0,0,0,0,0,0,0,0,0,0,0,0,0,0,0,0,0,0,0,0,0,0,0,0,0,0,0,0,0,0,0,0,0,0,0,0,0,0,0,0,0,0,0,0,0,0,0,0,0,0,0,0,0,0,0,0,0,0,0,0,0
3,0,0,0,0,1.14E-13,4.69E-12,1.03E-11,2.53E-13,1.67E-12,3.40E-08,2.33E-07,3.01E-07,1.76E-06,5.09E-06,8.73E-06,4.80E-05,4.52E-08,0.000107748,0.000237045,0.000326098,0.000949053,0.005795757,0.00503465,0.024911665,0.005226297,0.00392553,0.011247901,0.061794717,0.061184331,0.20702145,0.063291742,0.018689932,0.29693195,6.92E-05,7.37E-05,0.076894691,0.256138344,0.049779971,0.117234203,0.214865632,0.287426948,0.116509883,0.042274707,0.034876633,0.018723537,2.18E-05,0.005653416,0.004240062,0.003109379,0.002230641,4.63E-06,3.19E-06,0.002171202,0.000955801,9.16E-07,5.81E-07,3.62E-07,2.21E-07,1.33E-07,7.82E-08,4.53E-08,2.58E-08,1.44E-08,7.93E-09,2
4,0,0,0,0,0,0,0,0,0,0,0,0,0,0,0,0,0,0,0,0,0,0,0,0,0,0,0,0,0,0,0,0,0,0,0,0,0,0,0,0,0,0,0,0,0,0,0,0,0,0,0,0,0,0,0,0,0,0,0,0,0,0,0,0,0
5,0,0,0,0,0,0,3.30E-13,1.61E-14,1.77E-13,5.41E-09,5.20E-08,8.93E-08,6.74E-07,2.43E-06,5.10E-06,3.36E-05,3.74E-08,0.000104105,0.000264266,0.00041548,0.001370408,0.009415037,0.009140835,0.050254716,0.011652896,0.009627882,0.030214294,0.181084337,0.194886577,0.714363348,0.235871042,0.075010138,1.279980697,0.000319675,0.000363769,0.404947284,1.435915809,0.296509054,0.740613725,1.437235585,2.032460761,0.869638076,0.332597723,0.288834865,0.163012988,0.000199238,0.054202481,0.042587664,0.032683556,0.024512667,5.32E-05,3.82E-05,0.027109905,0.012431512,1.24E-05,8.19E-06,5.30E-06,3.36E-06,2.09E-06,1.28E-06,7.67E-07,4.52E-07,2.62E-07,1.49E-07,11
6,0,0,0,0,0,0,0,0,0,0,0,0,0,0,0,0,0,0,0,0,0,0,0,0,0,0,0,0,0,0,0,0,0,0,0,0,0,0,0,0,0,0,0,0,0,0,0,0,0,0,0,0,0,0,0,0,0,0,0,0,0,0,0,0,0
7,0,0,0,0,0,0,0,0,9.61E-16,5.88E-11,9.41E-10,2.43E-09,2.56E-08,1.23E-07,3.32E-07,2.74E-06,3.73E-09,1.24E-05,3.73E-05,6.85E-05,0.000260597,0.002046135,0.002251416,0.013925129,0.003608784,0.003312953,0.011491129,0.075757186,0.08929629,0.357074808,0.12815243,0.044150365,0.813657256,0.000218843,0.000267474,0.319020589,1.209241087,0.266348712,0.708201177,1.460231753,2.190131041,0.992224762,0.401166322,0.367735795,0.218761746,0.000281448,0.080494088,0.066407623,0.053450038,0.041996458,9.54E-05,7.15E-05,0.053074346,0.025395924,2.64E-05,1.82E-05,1.22E-05,8.07E-06,5.22E-06,3.31E-06,2.06E-06,1.26E-06,7.57E-07,4.46E-07,10
8,0,0,0,0,0,0,0,0,0,0,0,0,0,0,0,0,0,0,0,0,0,0,0,0,0,0,0,0,0,0,0,0,0,0,0,0,0,0,0,0,0,0,0,0,0,0,0,0,0,0,0,0,0,0,0,0,0,0,0,0,0,0,0,0,0
9,0,0,0,0,0,0,0,0,0,0,0,0,0,0,0,0,0,0,0,0,0,0,0,0,0,0,0,0,0,0,0,0,0,0,0,0,0,0,0,0,0,0,0,0,0,0,0,0,0,0,0,0,0,0,0,0,0,0,0,0,0,0,0,0,0
10,0,0,0,0,0,0,0,0,0,0,0,3.41E-12,9.01E-11,8.67E-10,4.09E-09,5.39E-08,1.10E-10,5.25E-07,2.16E-06,5.29E-06,2.62E-05,0.000261778,0.000360051,0.002740844,0.000862516,0.000950173,0.003913665,0.03035469,0.041742857,0.19327561,0.079770539,0.031408119,0.657758482,0.000199987,0.000274983,0.367332814,1.553025395,0.380078894,1.118879867,2.545661085,4.199925449,2.086886191,0.922850255,0.922850255,0.597433429,0.00083451,0.258559073,0.230606741,0.200263748,0.169453941,0.000413608,0.000332904,0.264706233,0.135498008,0.000150553,0.000110406,7.92E-05,5.56E-05,3.82E-05,2.57E-05,1.70E-05,1.10E-05,6.98E-06,4.35E-06,17
11,0,0,0,0,0,0,0,0,0,0,0,0,6.04E-12,8.72E-11,5.48E-10,9.05E-09,2.21E-11,1.23E-07,5.81E-07,1.60E-06,8.79E-06,9.66E-05,0.000144913,0.001195056,0.000405,0.000478029,0.002100217,0.017307534,0.025200848,0.123166082,0.053509759,0.022121863,0.48534394,0.000154273,0.000221349,0.308006731,1.354292205,0.344189796,1.050756207,2.476047974,4.225939836,2.169806134,0.990470826,1.02142304,0.68128513,0.000979626,0.312192709,0.28617665,0.255238634,0.221654603,0.000554893,0.000457787,0.372884156,0.195416775,0.000222179,0.000166634,0.000122199,8.77E-05,6.16E-05,4.23E-05,2.85E-05,1.88E-05,1.22E-05,7.72E-06,17
12,0,0,0,0,0,0,0,0,0,0,0,0,0,1.75E-12,1.65E-11,3.63E-10,1.11E-12,7.41E-09,4.08E-08,1.28E-07,7.93E-07,9.68E-06,1.60E-05,0.000143763,5.28E-05,6.71E-05,0.000315816,0.002776094,0.004294801,0.022225045,0.010192145,0.004435379,0.10217577,3.40E-05,5.10E-05,0.074105504,0.33941529,0.089711962,0.284409922,0.695018078,1.228571178,0.652561132,0.307809768,0.327668462,0.225383368,0.000333901,0.109539263,0.103279877,0.09467322,0.084438278,0.000216947,0.00018357,0.153262817,0.082279216,9.58E-05,7.35E-05,5.51E-05,4.04E-05,2.90E-05,2.04E-05,1.40E-05,9.43E-06,6.22E-06,4.03E-06,5
13,0,0,0,0,0,0,0,0,0,0,0,0,0,0,1.37E-12,4.52E-11,1.84E-13,1.54E-09,1.02E-08,3.73E-08,2.63E-07,3.62E-06,6.64E-06,6.57E-05,2.63E-05,3.62E-05,0.000183705,0.001730154,0.002855106,0.015698234,0.007622499,0.003501415,0.08490576,2.97E-05,4.67E-05,0.070817002,0.338455738,0.09318577,0.307239697,0.779684863,1.429280904,0.786282188,0.383674459,0.422041905,0.299661591,0.000457816,0.154741916,0.150190683,0.141608358,0.129807662,0.000342528,0.000297458,0.254715886,0.140162953,0.000167132,0.000131318,0.000100779,7.56E-05,5.54E-05,3.98E-05,2.79E-05,1.92E-05,1.29E-05,8.53E-06,6
14,0,0,0,0,0,0,0,0,0,0,0,0,0,0,0,6.88E-12,4.21E-14,4.69E-10,3.87E-09,1.70E-08,1.40E-07,2.20E-06,4.55E-06,5.00E-05,2.20E-05,3.31E-05,0.000181776,0.001843671,0.003259749,0.019117955,0.009863179,0.004797187,0.122789547,4.52E-05,7.46E-05,0.118585301,0.592516377,0.17022819,0.584639263,1.542989929,2.937324963,1.675741826,0.84689882,0.96371245,0.707071635,0.001115095,0.388680319,0.388680319,0.377248545,0.355691485,0.000964647,0.00086036,0.756120963,0.42674051,0.000521572,0.000419802,0.000329844,0.000253136,0.000189852,0.000139225,9.99E-05,7.01E-05,4.82E-05,3.25E-05,13
15,0,0,0,0,0,0,0,0,0,0,0,0,0,0,0,0,1.61E-15,2.69E-11,2.96E-10,1.63E-09,1.61E-08,2.96E-07,6.97E-07,8.62E-06,4.22E-06,6.97E-06,4.18E-05,0.000459085,0.000874136,0.005492873,0.003022761,0.001562077,0.042335115,1.64E-05,2.86E-05,0.047699848,0.249683522,0.074993938,0.268760885,0.738873249,1.462824371,0.866637978,0.454209697,0.535318572,0.406304388,0.000662126,0.238237088,0.245681997,0.245681997,0.238456056,0.000665178,0.000609746,0.550353482,0.318783124,0.000399614,0.000329682,0.000265354,0.000208492,0.000160006,0.000120004,8.80E-05,6.31E-05,4.43E-05,3.05E-05,7
16,0,0,0,0,0,0,0,0,0,0,0,0,0,0,0,0,0,0,0,0,0,0,0,0,0,0,0,0,0,0,0,0,0,0,0,0,0,0,0,0,0,0,0,0,0,0,0,0,0,0,0,0,0,0,0,0,0,0,0,0,0,0,0,0,0
17,0,0,0,0,0,0,0,0,0,0,0,0,0,0,0,0,0,0,9.24E-12,1.02E-10,1.68E-09,4.61E-08,1.52E-07,2.51E-06,1.58E-06,3.26E-06,2.39E-05,0.000314902,0.000708616,0.005194914,0.003298606,0.001948144,0.059838006,2.62E-05,5.08E-05,0.094190707,0.544937426,0.180042735,0.706682022,2.119417346,4.560903683,2.927241387,1.656917854,2.103011122,1.714411241,0.002993416,1.1513299,1.26646289,1.348170173,1.390300491,0.004113315,0.003992335,3.809372189,2.329099844,0.003077489,0.002672556,0.002261394,0.00186565,0.001501621,0.001179845,0.000905462,0.000679097,0.000498004,0.000357264,28
18,0,0,0,0,0,0,0,0,0,0,0,0,0,0,0,0,0,0,0,1.16E-11,2.87E-10,1.05E-08,4.34E-08,8.59E-07,6.30E-07,1.49E-06,1.23E-05,0.000179594,0.000444551,0.003555309,0.002445634,0.001555489,0.051190107,2.39E-05,4.92E-05,0.096693711,0.590497285,0.205363503,0.846371451,2.659235704,5.982688691,4.006705724,2.362428396,3.118405483,2.639954475,0.004780164,1.904212665,2.166862688,2.383548957,2.537326309,0.007741473,0.007741473,7.603947666,4.781985721,0.006494055,0.005791995,0.00502989,0.004256061,0.00351125,0.002826128,0.002220529,0.001704127,0.001278095,0.00093727,44
19,0,0,0,0,0,0,0,0,0,0,0,0,0,0,0,0,0,0,0,0,9.48E-13,5.21E-11,2.87E-10,7.09E-09,6.25E-09,1.72E-08,1.62E-07,2.67E-06,7.34E-06,6.46E-05,4.85E-05,3.34E-05,0.001183574,5.91E-07,1.30E-06,0.002714742,0.017553828,0.006444041,0.027955833,0.092226889,0.217370455,0.152193713,0.093637827,0.128752012,0.113357749,0.000213151,0.08805518,0.103779319,0.118093708,0.129903079,0.000409124,0.000421909,0.426972068,0.276412544,0.0003861,0.000353925,0.000315663,0.000274128,0.000231955,0.000191363,0.000154024,0.000121019,9.29E-05,6.97E-05,2
20,0,0,0,0,0,0,0,0,0,0,0,0,0,0,0,0,0,0,0,0,0,1.70E-11,1.41E-10,4.64E-09,5.11E-09,1.69E-08,1.85E-07,3.49E-06,1.08E-05,0.000105594,8.72E-05,6.55E-05,0.002515508,1.35E-06,3.19E-06,0.00710126,0.048787394,0.018963463,0.086838616,0.301560471,0.746288363,0.547401839,0.352099997,0.505186952,0.463316838,0.000906042,0.388691939,0.475067925,0.559901484,0.637129274,0.002073498,0.002207272,2.303563907,1.536468021,0.0022093,0.002083055,0.001909467,0.001703038,0.001478954,0.001251423,0.001032424,0.000830975,0.000652909,0.00050107,9
21,0,0,0,0,0,0,0,0,0,0,0,0,0,0,0,0,0,0,0,0,0,0,1.14E-12,5.62E-11,8.25E-11,3.41E-10,4.49E-09,9.87E-08,3.49E-07,3.84E-06,3.52E-06,2.91E-06,0.000121911,7.10E-08,1.80E-07,0.000430191,0.003152555,0.001301972,0.006312777,0.023139985,0.060279788,0.046425929,0.031284106,0.04692616,0.044908069,9.15E-05,0.040814449,0.051802954,0.063314722,0.074620922,0.000251223,0.000276346,0.29770443,0.204772918,0.000303367,0.000294445,0.000277619,0.000254484,0.000226973,0.000197108,0.000166783,0.000137596,0.000110748,8.70E-05,1
22,0,0,0,0,0,0,0,0,0,0,0,0,0,0,0,0,0,0,0,0,0,0,0,5.32E-11,1.17E-10,6.46E-10,1.06E-08,2.81E-07,1.16E-06,1.45E-05,1.50E-05,1.38E-05,0.000635416,4.04E-07,1.11E-06,0.002853733,0.022406679,0.009870637,0.050850233,0.197360005,0.542686346,0.439960991,0.311291044,0.48917164,0.489413326,0.001040299,0.483478893,0.638192139,0.8100131,0.990016011,0.003452085,0.003928234,4.372910272,3.104888956,0.00474358,0.00474358,0.004604063,0.004340974,0.003979226,0.00354904,0.003082061,0.002607897,0.002151515,0.001731708,13
23,0,0,0,0,0,0,0,0,0,0,0,0,0,0,0,0,0,0,0,0,0,0,0,0,1.99E-12,1.64E-11,3.60E-10,1.19E-08,5.88E-08,8.62E-07,1.02E-06,1.05E-06,5.38E-05,3.76E-08,1.13E-07,0.000314077,0.00265574,0.001253477,0.006887998,0.028404565,0.082699232,0.070769781,0.05270802,0.086968232,0.091154591,0.000202566,0.098235586,0.13507393,0.178297588,0.226300785,0.000818313,0.000964441,1.110636388,0.814869089,0.001285098,0.001325258,0.001325258,0.001286279,0.001212778,0.001111713,0.000991528,0.000861064,0.000728592,0.000601089,3
24,0,0,0,0,0,0,0,0,0,0,0,0,0,0,0,0,0,0,0,0,0,0,0,0,0,4.06E-13,1.34E-11,5.87E-10,3.64E-09,6.40E-08,8.80E-08,1.04E-07,5.99E-06,4.65E-09,1.54E-08,4.66E-05,0.000426896,0.000216989,0.00127755,0.005619552,0.017383771,0.015751211,0.012382943,0.021507217,0.023669628,5.51E-05,0.027937675,0.04008449,0.055116174,0.07275335,0.000273198,0.000333908,0.398257061,0.302275318,0.000492597,0.000524377,0.000540764,0.000540764,0.000524859,0.000494867,0.000453628,0.000404587,0.000351352,0.000297298,1
25,0,0,0,0,0,0,0,0,0,0,0,0,0,0,0,0,0,0,0,0,0,0,0,0,0,0,1.01E-12,6.64E-11,5.48E-10,1.21E-08,1.99E-08,2.74E-08,1.81E-06,1.58E-09,5.79E-09,1.93E-05,0.00019308,0.00010632,0.000674124,0.00317707,0.010483295,0.010092453,0.008400986,0.015401807,0.017842482,4.36E-05,0.023165773,0.034748659,0.049856772,0.068553061,0.000267722,0.000339801,0.420296105,0.330395812,0.000556989,0.000612688,0.000652216,0.000672598,0.000672598,0.000652816,0.000615512,0.000564219,0.000503223,0.000437009,1
26,0,0,0,0,0,0,0,0,0,0,0,0,0,0,0,0,0,0,0,0,0,0,0,0,0,0,0,1.02E-11,1.27E-10,3.71E-09,7.66E-09,1.27E-08,9.72E-07,9.71E-10,4.01E-09,1.49E-05,0.000163433,9.82E-05,0.000674363,0.003422673,0.012100397,0.012425882,0.010989797,0.021333136,0.026086716,6.71E-05,0.037434894,0.058826263,0.088239394,0.126604348,0.000515032,0.000679843,0.873232025,0.711873933,0.001242954,0.001414396,0.001555836,0.001656213,0.001707969,0.001707969,0.001657735,0.001563007,0.001432757,0.001277864,2
27,0,0,0,0,0,0,0,0,0,0,0,0,0,0,0,0,0,0,0,0,0,0,0,0,0,0,0,0,1.50E-11,6.59E-10,1.81E-09,3.75E-09,3.45E-07,4.02E-10,1.90E-09,7.92E-06,9.67E-05,6.39E-05,0.000478776,0.002632485,0.010022701,0.011027463,0.010403196,0.021456593,0.027781074,7.55E-05,0.044295921,0.07308827,0.114852996,0.172279493,0.000731312,0.001005555,1.343260151,1.137166307,0.002059067,0.002426757,0.002761482,0.00303763,0.003233606,0.003334657,0.003334657,0.003236579,0.003051631,0.002797329,3
28,0,0,0,0,0,0,0,0,0,0,0,0,0,0,0,0,0,0,0,0,0,0,0,0,0,0,0,0,0,0,0,0,0,0,0,0,0,0,0,0,0,0,0,0,0,0,0,0,0,0,0,0,0,0,0,0,0,0,0,0,0,0,0,0,0
29,0,0,0,0,0,0,0,0,0,0,0,0,0,0,0,0,0,0,0,0,0,0,0,0,0,0,0,0,0,0,3.70E-11,1.53E-10,2.35E-08,4.10E-11,2.71E-10,1.51E-06,2.37E-05,1.96E-05,0.000179085,0.00118161,0.00531672,0.006824666,0.007428832,0.017510817,0.025695221,7.85E-05,0.05151388,0.094442113,0.164031038,0.270651212,0.001258311,0.001887466,2.740600908,2.513458713,0.004915208,0.006238533,0.007624874,0.008986459,0.01022597,0.011248567,0.011974281,0.012348478,0.012348478,0.011985287,6
30,0,0,0,0,0,0,0,0,0,0,0,0,0,0,0,0,0,0,0,0,0,0,0,0,0,0,0,0,0,0,0,1.10E-11,2.54E-09,5.93E-12,4.89E-11,3.27E-07,5.99E-06,5.65E-06,5.82E-05,0.000426973,0.002113308,0.002959299,0.003489716,0.008858511,0.013927394,4.54E-05,0.031644588,0.061427729,0.112617503,0.195598821,0.000954846,0.001500473,2.277717679,2.179762901,0.004440258,0.00586114,0.00743914,0.009092282,0.010715903,0.012193959,0.013413355,0.014278733,0.014724943,0.014724943,5
31,0,0,0,0,0,0,0,0,0,0,0,0,0,0,0,0,0,0,0,0,0,0,0,0,0,0,0,0,0,0,0,0,0,0,0,0,0,0,0,0,0,0,0,0,0,0,0,0,0,0,0,0,0,0,0,0,0,0,0,0,0,0,0,0,0
32,0,0,0,0,0,0,0,0,0,0,0,0,0,0,0,0,0,0,0,0,0,0,0,0,0,0,0,0,0,0,0,0,0,1.65E-13,2.72E-12,3.02E-08,8.31E-07,1.10E-06,1.51E-05,0.000142256,0.000880119,0.001506322,0.002131574,0.006394722,0.011729449,4.41E-05,0.035143663,0.077316059,0.159464372,0.309548487,0.001679011,0.002916176,4.869430989,5.103829064,0.011341842,0.016273078,0.022375482,0.029535637,0.037487539,0.045818103,0.053999908,0.061448171,0.067592988,0.071953826,11
33,0,0,0,0,0,0,0,0,0,0,0,0,0,0,0,0,0,0,0,0,0,0,0,0,0,0,0,0,0,0,0,0,0,0,0,0,0,0,0,0,0,0,0,0,0,0,0,0,0,0,0,0,0,0,0,0,0,0,0,0,0,0,0,0,0
34,0,0,0,0,0,0,0,0,0,0,0,0,0,0,0,0,0,0,0,0,0,0,0,0,0,0,0,0,0,0,0,0,0,0,0,0,0,0,0,0,0,0,0,0,0,0,0,0,0,0,0,0,0,0,0,0,0,0,0,0,0,0,0,0,0
35,0,0,0,0,0,0,0,0,0,0,0,0,0,0,0,0,0,0,0,0,0,0,0,0,0,0,0,0,0,0,0,0,0,0,0,0,2.36E-09,7.80E-09,2.14E-07,3.53E-06,3.50E-05,8.98E-05,0.000181596,0.000749085,0.001832001,8.96E-06,0.009081839,0.024975058,0.063398223,0.149438668,0.000972678,0.002006148,3.941018358,4.819180057,0.012400229,0.020460378,0.032152023,0.048228035,0.069196746,0.095145526,0.125592094,0.15940535,0.194828761,0.229619611,10
36,0,0,0,0,0,0,0,0,0,0,0,0,0,0,0,0,0,0,0,0,0,0,0,0,0,0,0,0,0,0,0,0,0,0,0,0,0,1.37E-09,5.64E-08,1.24E-06,1.54E-05,4.73E-05,0.000111531,0.000525789,0.001446635,7.86E-06,0.008765108,0.026295324,0.072312142,0.18356159,0.001280121,0.002816266,5.878251543,7.610907528,0.020671601,0.035903306,0.059240456,0.093092145,0.139638217,0.200350485,0.275481917,0.363636131,0.461538166,0.564102203,16
37,0,0,0,0,0,0,0,0,0,0,0,0,0,0,0,0,0,0,0,0,0,0,0,0,0,0,0,0,0,0,0,0,0,0,0,0,0,0,5.20E-09,1.72E-07,2.83E-06,1.09E-05,3.09E-05,0.000169698,0.000533601,3.26E-06,0.004041338,0.013336415,0.040009246,0.110025427,0.000826317,0.001947748,4.336467014,5.965588114,0.01715594,0.031452556,0.054628124,0.090136404,0.141642921,0.212464381,0.304840199,0.419155274,0.553284961,0.702246297,13
38,0,0,0,0,0,0,0,0,0,0,0,0,0,0,0,0,0,0,0,0,0,0,0,0,0,0,0,0,0,0,0,0,0,0,0,0,0,0,0,1.39E-08,3.43E-07,1.76E-06,6.23E-06,4.11E-05,0.000150763,1.05E-06,0.001468073,0.005382933,0.01776368,0.05329104,0.000433581,0.001100629,2.625470812,3.852593039,0.011771812,0.022851165,0.041893802,0.072762919,0.120058816,0.188663854,0.282995781,0.406037425,0.558301459,0.736957926,9
39,0,0,0,0,0,0,0,0,0,0,0,0,0,0,0,0,0,0,0,0,0,0,0,0,0,0,0,0,0,0,0,0,0,0,0,0,0,0,0,0,4.97E-08,3.82E-07,1.80E-06,1.49E-05,6.55E-05,5.34E-07,0.00085075,0.003509345,0.0128676,0.042463079,0.000376891,0.001036451,2.662562615,4.186094173,0.013643566,0.028139855,0.054624425,0.100144779,0.173935669,0.286993854,0.450990341,0.676485512,0.970609648,1.334588266,11
40,0,0,0,0,0,0,0,0,0,0,0,0,0,0,0,0,0,0,0,0,0,0,0,0,0,0,0,0,0,0,0,0,0,0,0,0,0,0,0,0,0,8.69E-08,6.15E-07,6.76E-06,3.72E-05,3.64E-07,0.00067619,0.003187753,0.013149481,0.048214763,0.000470736,0.001412208,3.930173655,6.654349207,0.02323741,0.051122302,0.105439748,0.204677157,0.375241455,0.651735158,1.075363011,1.689856159,2.534784239,3.636864343,21
41,0,0,0,0,0,0,0,0,0,0,0,0,0,0,0,0,0,0,0,0,0,0,0,0,0,0,0,0,0,0,0,0,0,0,0,0,0,0,0,0,0,0,3.11E-08,5.13E-07,3.76E-06,4.60E-08,0.000102551,0.000564033,0.002659013,0.010968428,0.000118987,0.000392657,1.192105887,2.186607266,0.008223138,0.019383112,0.042642846,0.087950871,0.170728161,0.313001628,0.543634407,0.896996772,1.409566356,2.114349534,9
42,0,0,0,0,0,0,0,0,0,0,0,0,0,0,0,0,0,0,0,0,0,0,0,0,0,0,0,0,0,0,0,0,0,0,0,0,0,0,0,0,0,0,0,0,0,0,0,0,0,0,0,0,0,0,0,0,0,0,0,0,0,0,0,0,0
43,0,0,0,0,0,0,0,0,0,0,0,0,0,0,0,0,0,0,0,0,0,0,0,0,0,0,0,0,0,0,0,0,0,0,0,0,0,0,0,0,0,0,0,0,2.01E-07,4.92E-09,1.83E-05,0.000150785,0.000995178,0.005473479,7.63E-05,0.00031491,1.168526434,2.572028291,0.011431237,0.031435901,0.079798826,0.188097234,0.413813914,0.853491199,1.656777032,3.037424559,5.275526866,8.704619329,24
44,0,0,0,0,0,0,0,0,0,0,0,0,0,0,0,0,0,0,0,0,0,0,0,0,0,0,0,0,0,0,0,0,0,0,0,0,0,0,0,0,0,0,0,0,0,1.65E-10,9.19E-07,1.01E-05,8.34E-05,0.00055065,8.96E-06,4.22E-05,0.176336317,0.431257297,0.002108369,0.006325107,0.017394044,0.044154112,0.104077551,0.228970612,0.472251887,0.916724251,1.680661127,2.91904301,7
45,0,0,0,0,0,0,0,0,0,0,0,0,0,0,0,0,0,0,0,0,0,0,0,0,0,0,0,0,0,0,0,0,0,0,0,0,0,0,0,0,0,0,0,0,0,0,1.53E-07,2.53E-06,2.78E-05,0.000229601,4.48E-06,2.47E-05,0.117641294,0.323673397,0.001758226,0.005802145,0.017406436,0.047867699,0.121510313,0.286417166,0.630117766,1.299617892,2.522787674,4.625110735,10
46,0,0,0,0,0,0,0,0,0,0,0,0,0,0,0,0,0,0,0,0,0,0,0,0,0,0,0,0,0,0,0,0,0,0,0,0,0,0,0,0,0,0,0,0,0,0,0,2.44E-07,4.02E-06,4.42E-05,1.08E-06,7.12E-06,0.039631716,0.124618361,0.000761557,0.002792374,0.009214835,0.027644506,0.076022393,0.19297992,0.454881239,1.000738726,2.064023622,4.00663409,8
47,0,0,0,0,0,0,0,0,0,0,0,0,0,0,0,0,0,0,0,0,0,0,0,0,0,0,0,0,0,0,0,0,0,0,0,0,0,0,0,0,0,0,0,0,0,0,0,0,1.26E-06,2.08E-05,6.77E-07,5.59E-06,0.037307653,0.136862313,0.000955864,0.003942938,0.01445744,0.047709551,0.143128652,0.393603793,0.99914809,2.355134783,5.181296522,10.68642408,20
48,0,0,0,0,0,0,0,0,0,0,0,0,0,0,0,0,0,0,0,0,0,0,0,0,0,0,0,0,0,0,0,0,0,0,0,0,0,0,0,0,0,0,0,0,0,0,0,0,0,5.50E-07,2.68E-08,2.95E-07,0.002465693,0.010854409,8.84E-05,0.000416947,0.001719907,0.006306326,0.020810875,0.062432625,0.171689719,0.435827747,1.027308261,2.260078175,4
49,0,0,0,0,0,0,0,0,0,0,0,0,0,0,0,0,0,0,0,0,0,0,0,0,0,0,0,0,0,0,0,0,0,0,0,0,0,0,0,0,0,0,0,0,0,0,0,0,0,0,0,0,0,0,0,0,0,0,0,0,0,0,0,0,0
50,0,0,0,0,0,0,0,0,0,0,0,0,0,0,0,0,0,0,0,0,0,0,0,0,0,0,0,0,0,0,0,0,0,0,0,0,0,0,0,0,0,0,0,0,0,0,0,0,0,0,0,0,0,0,0,0,0,0,0,0,0,0,0,0,0
51,0,0,0,0,0,0,0,0,0,0,0,0,0,0,0,0,0,0,0,0,0,0,0,0,0,0,0,0,0,0,0,0,0,0,0,0,0,0,0,0,0,0,0,0,0,0,0,0,0,0,0,0,3.12E-05,0.000343874,5.60E-06,4.62E-05,0.000305131,0.00167822,0.007911608,0.032635383,0.119663071,0.394888133,1.1846644,3.257827099,5
52,0,0,0,0,0,0,0,0,0,0,0,0,0,0,0,0,0,0,0,0,0,0,0,0,0,0,0,0,0,0,0,0,0,0,0,0,0,0,0,0,0,0,0,0,0,0,0,0,0,0,0,0,0,3.59E-05,8.77E-07,9.65E-06,7.96E-05,0.000525538,0.002890461,0.013626457,0.056209136,0.206100166,0.680130548,2.040391643,3
53,0,0,0,0,0,0,0,0,0,0,0,0,0,0,0,0,0,0,0,0,0,0,0,0,0,0,0,0,0,0,0,0,0,0,0,0,0,0,0,0,0,0,0,0,0,0,0,0,0,0,0,0,0,0,5.54E-07,9.14E-06,0.000100584,0.000829818,0.005476796,0.030122378,0.142005498,0.585772678,2.147833151,7.087849399,10
54,0,0,0,0,0,0,0,0,0,0,0,0,0,0,0,0,0,0,0,0,0,0,0,0,0,0,0,0,0,0,0,0,0,0,0,0,0,0,0,0,0,0,0,0,0,0,0,0,0,0,0,0,0,0,0,0,0,0,0,0,0,0,0,0,0
55,0,0,0,0,0,0,0,0,0,0,0,0,0,0,0,0,0,0,0,0,0,0,0,0,0,0,0,0,0,0,0,0,0,0,0,0,0,0,0,0,0,0,0,0,0,0,0,0,0,0,0,0,0,0,0,0,1.67E-05,0.000275163,0.003026793,0.024971044,0.164808888,0.906448886,4.273259034,17.62719352,23
56,0,0,0,0,0,0,0,0,0,0,0,0,0,0,0,0,0,0,0,0,0,0,0,0,0,0,0,0,0,0,0,0,0,0,0,0,0,0,0,0,0,0,0,0,0,0,0,0,0,0,0,0,0,0,0,0,0,2.17E-05,0.000358498,0.003943479,0.032533706,0.214722459,1.180973523,5.567446608,7
57,0,0,0,0,0,0,0,0,0,0,0,0,0,0,0,0,0,0,0,0,0,0,0,0,0,0,0,0,0,0,0,0,0,0,0,0,0,0,0,0,0,0,0,0,0,0,0,0,0,0,0,0,0,0,0,0,0,0,6.07E-05,0.001001005,0.011011051,0.090841168,0.599551709,3.297534401,4
58,0,0,0,0,0,0,0,0,0,0,0,0,0,0,0,0,0,0,0,0,0,0,0,0,0,0,0,0,0,0,0,0,0,0,0,0,0,0,0,0,0,0,0,0,0,0,0,0,0,0,0,0,0,0,0,0,0,0,0,0,0,0,0,0,0
59,0,0,0,0,0,0,0,0,0,0,0,0,0,0,0,0,0,0,0,0,0,0,0,0,0,0,0,0,0,0,0,0,0,0,0,0,0,0,0,0,0,0,0,0,0,0,0,0,0,0,0,0,0,0,0,0,0,0,0,0,0.002947461,0.048633115,0.534964262,4.413455162,5
60,0,0,0,0,0,0,0,0,0,0,0,0,0,0,0,0,0,0,0,0,0,0,0,0,0,0,0,0,0,0,0,0,0,0,0,0,0,0,0,0,0,0,0,0,0,0,0,0,0,0,0,0,0,0,0,0,0,0,0,0,0,0.015075377,0.248743719,2.736180905,3
61,0,0,0,0,0,0,0,0,0,0,0,0,0,0,0,0,0,0,0,0,0,0,0,0,0,0,0,0,0,0,0,0,0,0,0,0,0,0,0,0,0,0,0,0,0,0,0,0,0,0,0,0,0,0,0,0,0,0,0,0,0,0,1.371428571,22.62857143,24
62,0,0,0,0,0,0,0,0,0,0,0,0,0,0,0,0,0,0,0,0,0,0,0,0,0,0,0,0,0,0,0,0,0,0,0,0,0,0,0,0,0,0,0,0,0,0,0,0,0,0,0,0,0,0,0,0,0,0,0,0,0,0,0,3,3
63,0,0,0,0,0,0,0,0,0,0,0,0,0,0,0,0,0,0,0,0,0,0,0,0,0,0,0,0,0,0,0,0,0,0,0,0,0,0,0,0,0,0,0,0,0,0,0,0,0,0,0,0,0,0,0,0,0,0,0,0,0,0,0,0,0
,0,0,0,0,1.13831E-13,4.69134E-12,1.0675E-11,2.68601E-13,1.84451E-12,3.94604E-08,2.85947E-07,3.92307E-07,2.46221E-06,7.64642E-06,1.41629E-05,8.44236E-05,8.64362E-08,0.000224954,0.000541443,0.000817129,0.002616255,0.017631146,0.016959926,0.093298891,0.021863065,0.018442753,0.059726788,0.373608518,0.424767579,1.666375139,0.597195633,0.209296921,4.001425969,0.001139828,0.001507988,1.991798761,8.559585274,2.18877781,6.915991383,17.32856069,32.24515589,18.46772508,9.597879522,11.47685421,9.024955754,0.015544064,6.033260558,6.872441577,7.832746558,9.074109713,0.032420313,0.042156829,61.39029106,65.53991619,0.169358894,0.311967172,0.590758475,1.13033697,2.166783228,4.158699596,8.06722235,16.22050154,36.76171656,114.2849346,466
